hours_studied,sleep_hours,distractions,attendance,grade
7,5,5,58,71.67584154637372
4,9,9,80,70.37688743902716
8,8,9,64,84.3137124157382
5,4,9,53,49.883947772769766
7,4,6,89,76.08151107372973
10,6,6,58,88.82149040469254
3,7,5,94,72.1596626139285
7,9,9,58,63.32846621277865
8,6,10,75,76.29415969864446
5,7,8,53,53.37873289714653
4,5,7,66,54.001107581984996
8,9,7,65,93.75724915137621
8,5,6,64,76.12393451366079
3,8,5,84,65.91332574405001
6,9,4,54,80.82207502808102
5,7,3,54,68.81271285068219
2,8,3,69,56.82419085484046
8,4,6,64,63.96881116262672
6,7,4,67,71.61331220390639
2,6,6,96,68.18150900335861
5,4,3,51,54.99198933178477
1,4,4,78,48.40571259477706
10,6,9,62,74.30735164611916
6,9,5,53,77.81609489508712
9,4,7,91,78.42408167821131
1,7,10,94,49.723112419661575
10,8,2,59,100.0
3,4,5,80,51.38684277480327
7,7,9,90,86.07064639725222
4,5,3,57,53.15403010724199
9,7,9,52,67.86964703591846
3,8,6,97,81.93241032322237
5,7,4,95,86.26965096549503
3,6,7,58,50.59518039024813
7,8,8,79,87.59104792276348
5,9,6,60,56.90350525249535
9,5,5,84,95.1739131998516
7,6,6,86,80.19487407752827
2,9,5,91,69.35363604613043
4,7,8,62,58.18720538832793
9,8,1,85,100.0
2,5,7,62,44.972605377282605
10,6,10,61,78.29578516241959
9,9,10,86,95.84104507342029
10,9,2,59,100.0
5,5,9,58,45.67533355420931
2,7,1,56,53.29841214626248
4,5,10,51,39.985879347600275
7,9,6,72,95.18619196387269
8,4,9,88,85.3595319955677
3,6,1,89,72.23352011070303
1,5,4,88,56.30128838666238
4,9,4,70,72.56138513026976
2,7,9,72,49.65133309434512
8,9,5,78,97.29456373771389
4,7,5,63,65.137575078778
2,5,6,75,35.99430609091296
6,7,1,100,100.0
6,8,1,54,77.00539485391677
10,8,9,80,92.47531042884198
4,8,3,74,78.97128339081036
6,4,4,80,81.33412208202384
2,5,1,99,75.94501572020704
10,9,9,69,90.90724196394453
2,9,8,93,62.11997174930545
10,4,2,66,75.96877785945159
4,7,8,94,72.91257998290678
8,4,7,51,66.39508053897218
7,7,6,74,80.49068244950985
9,7,1,62,99.66873104418995
8,6,7,88,81.39904882083754
5,9,10,77,69.64380521772476
2,8,7,91,64.24849520206055
5,7,9,55,54.94945657871967
8,6,1,52,87.83965831476954
10,9,2,84,100.0
9,8,9,67,83.02603774613735
9,7,9,60,73.31653260094734
1,7,6,69,55.1428973571073
9,4,6,54,64.84401888710687
7,4,4,68,70.23500283576294
9,9,4,71,100.0
8,8,5,68,90.34121649035767
1,7,3,96,67.89911674149364
8,9,1,65,97.60846027763142
8,9,1,73,96.76811006321091
3,5,7,90,60.657363775712376
1,4,1,53,39.75067080502103
8,8,1,64,94.89814299727502
3,7,3,74,59.468793071868454
3,9,10,93,70.4892600388466
1,7,4,84,65.08314837443154
5,5,4,63,62.480884374397135
10,8,2,98,100.0
7,9,1,68,95.55173137422288
10,7,3,87,100.0
9,4,4,85,86.20737156771443
7,5,3,56,67.40805755639671
9,8,8,79,93.96446284577358
8,5,10,68,68.71927434007398
2,4,1,98,75.3754651094085
1,8,2,74,65.95435056101947
7,5,7,65,72.4439249156365
7,6,4,96,94.31540400856112
8,4,8,89,75.68900525339168
5,4,3,100,82.62669647987497
3,4,6,57,43.819265825141116
8,6,9,67,67.80809305722126
6,6,1,77,90.54974629279356
3,7,1,65,72.01144687464576
1,9,8,68,44.279254277914696
3,5,3,91,66.31102547441736
5,7,5,66,66.25024890279762
3,5,1,94,78.04925771899808
1,9,5,62,55.47362590226998
5,6,6,56,59.22203606393178
10,9,8,76,100.0
7,6,3,59,70.06183901777233
7,9,3,83,99.40680640679227
9,7,10,85,87.99557312226965
10,8,9,74,89.60478408720705
10,7,4,55,82.83746863034841
3,5,4,73,58.63480578093176
7,7,7,67,77.28479948108905
1,4,2,72,40.48759099146706
4,5,8,55,46.59243035328215
4,9,6,78,74.61119875924248
5,5,3,74,68.22885228426169
7,8,9,66,75.89919101197587
7,6,5,95,89.8366879186134
4,9,8,73,68.91585502668183
7,5,7,60,68.67123466437528
3,9,8,75,66.17403453075262
6,9,7,100,98.08410246723251
2,9,3,83,74.1916259439229
10,6,2,77,100.0
9,7,7,52,74.76104977623402
5,9,3,60,70.68345623565689
6,4,3,87,80.25589821556453
4,8,2,63,78.10655857326262
10,6,4,100,100.0
7,5,8,75,73.7480412385498
9,6,1,97,100.0
7,5,1,70,83.97402457580317
1,6,5,88,63.2967356403722
1,5,5,79,52.93123986665971
9,9,1,57,90.64593983430422
9,7,6,100,100.0
4,5,1,69,70.58112889396776
9,5,5,97,99.36743486613544
3,4,9,81,52.8376105635117
7,5,5,71,71.33248980141231
6,4,6,56,58.31631577402043
8,8,8,58,82.55086970469051
9,9,1,94,100.0
5,4,2,50,60.740224870029856
1,7,9,78,42.585023882495584
3,9,3,57,59.29768114690361
10,4,6,53,77.07271837221677
8,9,5,84,99.9038711936292
6,9,2,52,78.49814113861372
8,9,7,94,95.97607510901673
9,8,4,89,100.0
4,7,1,56,67.55082674347271
1,6,4,76,54.44912158275237
1,6,6,50,38.967168798120554
10,4,7,76,84.63175106160993
4,9,7,65,63.05620811310282
7,4,7,87,82.03782661654311
2,8,3,56,52.21320756734916
3,8,6,93,71.15412900268996
1,5,8,72,46.171239077137365
5,8,4,90,83.2648787449517
1,5,8,60,33.5069117817972
8,7,2,91,100.0
1,4,10,82,29.083892593581012
1,7,9,99,56.88346173997601
2,8,9,85,53.44689118210726
2,7,8,86,59.27290216321781
6,7,10,90,81.52819255020556
7,7,10,66,57.929131334131725
5,8,1,84,86.96541507999859
1,9,2,97,78.7616161648249
1,7,6,54,30.083255407851112
3,5,10,97,65.18132680211116
2,8,5,81,66.39946018401741
5,7,9,52,59.41606410965951
10,9,5,96,100.0
6,8,2,84,89.78339614861905
7,6,10,63,63.69531822600465
4,9,4,97,98.19104523775769
7,5,9,80,78.59052680248533
8,7,1,80,99.66173849754374
1,6,1,66,55.27200885825392
6,6,7,73,73.67451905792467
8,8,3,72,100.0
5,6,10,67,58.41359896528525
4,5,2,99,80.72979698059385
2,5,9,63,36.80700801692506
6,4,3,99,86.67457623759721
6,5,2,64,70.06489090824395
1,9,8,64,50.48046169038437
9,6,10,55,63.33701685104229
6,5,6,76,69.69749705296833
3,8,6,64,62.67316427363668
4,4,10,99,63.34561827168677
4,6,7,85,64.18687689974175
3,4,7,57,40.339877447916805
10,6,6,64,93.17667343346106
3,8,4,52,50.94799151988289
3,4,9,96,50.97703176044335
4,7,6,62,55.351830239112516
7,9,4,90,98.94661067866679
4,9,3,83,75.71630966371904
9,6,4,73,96.2650079638299
1,7,3,89,59.878537705720674
8,4,2,81,89.62177778871565
7,7,5,81,83.60463449540299
2,7,2,79,66.17251459580137
8,4,6,98,80.98327045170629
1,8,3,62,59.00658122604978
9,7,6,50,74.19251000814299
9,7,10,83,82.16891639478149
2,8,9,64,59.895045067010464
7,7,1,93,100.0
10,7,6,63,95.31208204141538
3,7,9,78,59.294456981809496
7,9,4,83,93.237597200068
10,5,2,67,87.96575071272494
9,8,4,56,87.50589806287171
4,7,1,78,73.10920327737219
1,9,3,80,61.40942413782741
2,8,10,74,43.084063355151514
1,6,9,87,49.07237979897748
5,6,10,63,62.36706073762923
5,7,5,57,67.29068361513224
7,9,6,76,87.47104806074144
9,9,3,51,91.29714063594925
9,8,5,66,76.76111343803201
3,8,8,86,63.88082289050312
3,9,6,63,54.366620523898305
3,8,4,74,68.67206263951138
4,9,2,79,81.20012005665883
8,5,9,78,71.6534772939623
6,9,1,69,90.05948352244299
8,6,1,70,91.51639576503472
1,8,4,71,64.09312019728213
8,9,7,84,98.43208750223364
4,9,1,86,89.08486395018437
1,8,9,65,38.76242763174304
8,5,4,99,91.13280440446256
4,5,3,98,80.99424003718303
6,8,1,92,96.99965313779785
8,4,10,66,66.24682795563304
4,8,4,65,73.3900026208578
3,8,9,51,38.93430612429095
9,5,10,53,73.48517692514497
3,5,6,70,57.84690893474498
9,8,6,88,90.72779889006178
2,8,1,83,85.26546224455488
2,8,10,79,55.10688159540728
2,5,2,55,46.10730849788523
6,8,6,66,77.59531111802463
3,8,2,88,74.11262681530633
9,7,3,74,99.73064176596776
4,4,4,54,47.03251770832345
1,6,5,54,50.101797677353005
4,4,9,69,48.800500969532
1,7,4,65,53.74911526036412
5,6,9,100,71.0696745017393
4,8,10,90,73.0824801194668
8,7,3,86,97.93709968248945
8,8,8,89,85.44074145839028
7,5,1,58,75.80618640055876
3,9,9,54,60.65555534431269
1,7,9,91,57.79488513021654
1,5,10,51,23.60512465546753
3,7,2,58,51.65417119499533
6,7,4,92,84.83754410884684
7,5,8,85,69.46762997982769
6,6,7,71,60.27495996783251
6,4,1,71,79.42795565082652
6,8,5,71,79.81193698190083
3,7,7,83,72.47554224171971
6,8,4,78,80.01179050601185
8,9,1,87,100.0
2,5,9,95,47.529128241265425
5,8,5,82,77.02563319416879
1,5,2,67,48.38945019033707
1,8,8,56,39.12673016094176
5,4,2,50,58.267703153077505
3,4,3,82,66.85804781625694
4,4,10,50,41.332087927272774
3,4,1,73,57.6533270795435
1,4,2,53,39.34822939068175
1,4,7,53,33.470481874797215
5,5,10,67,58.67868253714753
6,7,2,76,81.69421657672923
3,8,6,92,76.5408222740012
9,4,3,81,93.1557325459385
5,5,4,82,67.67005443230535
8,5,8,77,81.50078981292867
1,5,3,91,60.25771604216234
5,7,10,90,62.29304696836737
3,8,6,85,68.03073219644315
1,7,1,55,51.69928770792486
4,6,7,65,53.47087760591203
5,5,8,83,71.64114212749263
7,6,8,72,79.32234245339053
1,9,3,99,73.58754920543578
3,4,10,91,50.03887239323129
2,4,1,73,55.8438266331534
9,7,9,98,95.9995971709666
10,8,6,62,90.03749053099038
6,6,9,67,44.95601695338354
10,8,7,62,99.77405937799807
3,7,1,98,83.00208981889071
8,4,1,86,92.10844944035462
8,8,6,92,99.62584565025975
2,8,5,88,67.59971125732955
6,4,9,91,67.34842077677276
7,6,2,66,76.97177006804026
2,4,8,64,28.80693611752152
10,8,5,67,90.72810535022803
2,6,2,72,54.41662966644927
10,6,10,100,100.0
1,4,6,79,48.123115733821976
8,8,10,83,81.09100447766615
1,7,8,53,23.18172929781303
9,8,4,52,87.04560359750938
6,5,2,56,66.89228892170341
7,9,5,67,83.26868756649934
10,7,2,91,100.0
7,6,2,56,77.69326312736426
10,7,6,89,98.6181017573996
3,6,10,55,34.467934830204754
2,6,9,71,44.18694321507522
9,7,4,50,78.46793618905178
8,6,6,53,72.1380118798619
10,6,7,95,100.0
7,5,6,98,80.10108794200275
9,8,8,99,100.0
4,8,4,92,86.57524991334695
4,9,1,78,83.56906332090945
1,9,7,70,56.60790447558826
8,5,3,75,85.06363753942269
3,9,6,63,62.35414039711819
7,7,2,58,83.20392466171089
2,4,9,96,49.139987808684324
2,4,1,61,60.453380085949995
7,4,6,91,83.3879009016596
6,5,6,100,89.51492749358461
3,5,5,100,75.35511973180384
9,6,5,55,82.13644634641706
10,4,1,69,100.0
6,7,10,73,68.43957355595958
10,9,5,76,100.0
10,7,2,87,100.0
6,9,7,57,66.46916543792435
1,4,3,50,25.491478359450987
4,4,4,98,68.73728878470487
10,4,3,98,100.0
6,5,3,73,80.80962392744041
6,9,4,96,92.72240397711823
5,5,5,56,63.05081226763578
1,5,1,68,45.94658507096561
8,8,4,71,86.90238766930275
5,7,8,84,79.24578301698226
5,7,10,79,65.73810509981247
7,6,7,78,77.13189027357679
4,5,9,71,53.67639994953913
6,9,5,60,70.96798374640977
4,8,10,69,56.84575935713089
3,8,4,78,70.01330579063276
7,7,8,100,96.15690468089716
8,5,9,90,73.647914303493
4,6,7,91,78.31495157687885
2,5,7,83,51.87676130837478
10,4,5,50,71.44721875516495
3,5,4,80,55.541826419328046
1,4,10,79,37.86574658502103
8,4,1,97,91.76395259965737
3,6,10,67,43.69938227453451
10,9,10,66,88.75048469561101
7,7,7,87,91.21837869702412
10,5,1,63,99.59226729631987
5,4,1,72,67.7850380494052
10,5,5,74,90.93658414889539
5,9,9,64,58.02307549912127
7,7,6,95,81.3045224337814
9,9,3,71,95.3547377620369
5,7,3,52,71.61548680662905
1,8,7,68,52.9004036111073
10,7,6,93,100.0
10,6,9,83,84.21187756689712
1,9,6,84,58.44170211304427
2,4,5,99,57.210894859106894
6,8,10,50,58.17000814689719
9,6,7,70,82.85473221683942
8,5,1,78,86.99021571652085
5,9,7,55,67.24608403949271
1,4,3,86,55.144731901021196
7,7,9,50,59.35588450453527
5,4,6,100,76.52139195816265
6,5,9,50,57.62142684165261
7,8,5,76,94.14030388561623
3,8,7,70,62.4533107830493
10,9,4,65,100.0
3,8,7,93,70.29930542987844
5,9,1,89,99.64856447767579
6,9,7,75,75.14824274330107
9,9,8,65,93.06925071704083
5,7,5,77,73.06197632909598
1,6,2,50,51.45468413600865
4,9,5,85,82.44103203520038
5,9,6,59,69.1606688446345
10,6,2,92,100.0
10,4,6,66,85.62806427224218
5,9,6,72,78.38562173843027
7,7,1,56,80.00828497749737
4,8,1,93,88.95917879134173
1,8,10,56,41.481950436743006
5,5,3,93,73.68321871059875
7,5,10,64,65.62939110276857
10,8,10,83,98.10607289179677
10,8,3,95,100.0
6,7,4,94,86.4217314934838
5,6,2,53,65.52858043046446
4,5,9,63,49.52534188002448
2,6,10,63,43.19398258600118
4,7,7,65,61.645584645805
10,8,7,56,81.80222450593863
10,9,6,81,100.0
3,6,3,68,71.02114387135204
10,8,6,51,90.55878787980657
1,8,8,59,50.690234722683
8,4,8,99,90.71530688647407
5,6,9,66,64.81200967719205
4,9,1,86,89.54984330492353
8,6,1,61,89.10922554806058
7,8,3,55,81.77758878320688
2,9,3,71,66.52170432524761
1,7,10,81,50.21097490034552
4,4,8,90,58.394990304964
8,8,10,69,87.92691158007317
2,5,1,50,43.35993516155863
3,5,2,96,78.0569405995858
1,4,2,55,47.393357086517945
1,7,3,68,53.116891230197986
3,8,6,67,54.93511344430918
5,6,1,55,74.27764794641178
3,4,2,94,71.01697655025127
1,7,1,82,69.06658036300871
1,6,5,72,48.452727005813415
8,5,7,72,85.65962341161199
10,5,8,75,75.91495973896826
2,6,10,62,40.88088775641867
3,4,1,56,59.70874741875799
2,5,7,64,43.526695224146984
3,8,5,93,77.01179346508455
7,9,10,76,77.82994093716496
1,6,1,75,58.60344253933309
10,6,3,82,94.64071693431848
8,5,7,64,69.40784333690154
10,4,10,85,80.56622436448886
10,8,1,94,100.0
10,4,7,76,83.14315120356133
2,7,5,54,45.2876222503009
3,7,1,51,57.610383198574304
9,9,1,82,100.0
7,5,1,65,81.84511134630849
4,5,9,72,54.888157347164544
10,5,3,87,100.0
5,9,5,65,77.76375041143972
2,7,10,63,45.2637887249235
8,4,9,78,71.35515833001278
4,9,6,75,70.53448124831061
9,9,9,84,91.64394498825772
5,4,8,64,48.5537815555295
9,5,8,52,70.9713070483963
4,8,1,72,74.4029197960996
10,4,9,78,90.34162066677979
5,7,6,83,75.31249588462754
9,6,9,82,93.5069505357977
8,6,3,90,99.85883527285584
3,9,3,90,77.11381782764144
1,6,6,72,46.68976905709091
3,8,9,56,40.63273829441142
4,5,7,52,47.95212677532643
2,7,3,81,62.07115796077341
1,8,3,80,57.432709958923695
7,7,2,67,93.11073379274023
8,7,9,92,94.15293870492144
7,5,3,56,77.0151948938123
5,9,5,90,90.91055638325471
1,6,9,50,23.825554779371085
7,5,8,63,63.49760253596581
7,8,2,81,93.80248179265057
9,9,3,55,84.95131462950535
3,8,2,88,76.21499452578006
9,9,8,59,82.76951012191478
1,8,6,56,45.62999473747481
1,5,6,75,58.161938001191714
4,9,9,83,70.3955186169763
9,9,8,79,96.13257227284834
6,7,4,85,84.24894863617929
3,7,4,70,66.68856440026872
1,4,9,66,26.630413956771115
4,8,1,82,92.4801874757697
9,7,2,59,90.8792039626659
3,4,2,100,71.02405083484467
9,7,6,96,100.0
7,8,4,91,92.04538703977573
4,9,10,100,80.59625491527666
3,6,3,61,64.5258502779768
10,8,3,65,99.29328613798495
5,5,3,90,89.26420806539936
5,7,6,81,77.72145763130627
3,7,8,64,55.28347129832215
9,9,7,76,100.0
4,5,4,77,73.65367477318186
5,9,4,66,78.3091949320319
4,5,10,95,66.48452720688469
5,6,2,99,95.48170746580465
7,7,1,51,73.69094461819282
9,7,9,85,81.85248800183676
7,6,2,99,98.21223039797047
5,4,8,56,40.2325432129031
10,9,9,62,88.43002451846024
10,6,4,64,93.57186767099569
7,9,8,74,81.62180616972437
10,8,9,72,91.29203475948155
5,7,10,71,56.49166743189537
3,9,10,75,63.44071771985472
7,5,5,82,75.6826831643883
2,9,7,60,42.485491344724835
9,8,10,59,77.4633061373339
10,7,4,74,100.0
10,6,1,86,100.0
1,8,3,97,65.67601492459883
6,7,5,92,87.50975483703168
7,9,3,87,100.0
8,4,7,90,83.45158345759464
10,4,9,94,89.67707876555707
9,5,6,73,86.93019340821374
2,7,10,89,46.80786548589927
10,4,1,95,100.0
2,6,7,82,48.47395951097345
5,7,3,66,79.74193185994078
5,6,5,73,73.06015860494193
6,6,10,86,71.92562517157009
3,4,4,51,37.246891733235955
8,7,10,81,85.22073894474059
1,9,5,73,65.43270067495908
6,8,5,58,75.85747368231782
4,4,6,53,46.32411291748221
1,4,10,66,33.15859015925307
7,9,10,66,76.36458057126345
9,7,6,99,100.0
4,7,8,97,78.01842820896476
4,6,8,79,60.394672316948366
6,9,9,89,80.19679308557946
3,9,8,60,54.00088529656911
6,7,2,70,84.67925167502467
7,6,10,70,66.30280174101095
10,4,1,67,89.74735190923089
10,5,10,78,83.99523314373397
3,8,2,73,77.03728465334476
7,4,2,59,73.17554033567032
3,7,3,94,75.61891001999787
2,8,10,66,48.602158964733825
10,5,7,67,84.92019604524934
4,5,2,91,66.83181479495161
8,6,1,97,100.0
9,8,6,69,93.53729219973555
7,6,9,86,78.08085899472873
1,4,3,94,63.311783503614606
3,9,6,67,69.56499682125099
9,9,3,66,100.0
1,9,1,58,54.74849591982233
9,8,5,63,86.4214444468652
8,9,10,98,100.0
1,4,4,78,38.613880365274
6,6,7,80,73.25576242418943
5,8,6,53,65.69912903515541
6,6,10,67,52.74796132276248
10,8,7,69,95.6717161942515
5,6,5,96,85.77214538292976
6,5,4,92,75.57211964948262
5,6,7,93,83.79085103347079
5,9,7,58,61.95084961950545
4,5,6,62,56.87368123238515
3,6,8,64,48.58201785820683
3,8,4,76,69.34757811850226
4,8,10,64,49.582524321629215
9,8,5,77,100.0
2,7,4,86,67.62941731675117
9,4,1,68,97.10420088451578
1,8,8,75,44.21291389710487
1,5,1,75,54.59382683060653
5,8,5,74,77.04764619851103
6,7,6,75,76.80191573647463
6,9,6,75,85.8339267233621
3,5,5,95,66.53040729038062
7,7,3,77,99.11013023150343
9,9,5,98,100.0
10,5,8,67,68.07922782118833
8,6,2,81,94.92100504169686
6,4,6,52,62.30731992433091
8,4,9,51,54.88346949074733
5,7,8,82,66.06622405414382
8,9,8,91,92.29805146830205
10,4,8,68,74.61761595011436
4,9,7,66,63.60299143147003
10,9,8,93,100.0
8,7,6,82,97.63166364206347
10,7,2,61,85.378748380314
2,7,2,98,74.10772673211271
5,4,8,52,48.513489971883665
9,7,1,92,100.0
4,4,6,98,78.49969833311445
6,7,6,75,66.44653045208966
1,8,4,84,50.0546803265575
9,9,10,57,90.81106262019128
1,7,3,85,66.26716846623668
5,5,3,56,59.14314206523545
4,9,1,95,93.35799386533978
3,9,3,95,84.71608811280534
6,7,4,85,82.5223960483201
2,6,5,65,51.20889185345717
3,7,3,73,68.2740668733006
5,9,6,50,75.07765130681412
9,5,5,98,100.0
2,9,3,74,76.69661570121038
10,5,6,59,75.78214258163553
8,4,6,65,70.76401370191071
2,8,8,65,51.711234919658125
5,9,2,57,66.89449623433518
7,7,1,78,98.9092966905464
8,4,4,88,91.2110488615563
1,8,7,77,51.66420740023068
6,7,10,55,57.583328282496076
1,6,3,65,55.76933444411874
2,7,3,69,55.522810261815174
1,5,5,65,48.970926748311435
5,5,5,56,56.73980631706856
10,6,10,90,96.77998026388458
9,4,3,63,82.93382102789494
6,8,9,92,93.16596923325594
1,7,4,75,51.06303804946237
1,5,3,75,48.63358688711533
2,4,2,63,41.96937261155584
9,6,10,56,65.5162141648534
3,9,9,82,68.56564053847258
1,5,4,75,57.500818194325305
5,6,3,94,88.13240435180138
7,7,7,69,76.47304250136567
6,8,8,52,59.53192749171973
1,5,2,53,46.99209335813575
5,5,7,75,58.75699047407081
5,7,5,60,59.2552413284712
6,9,5,51,70.95765333395047
3,4,3,63,42.33029691555752
5,8,5,93,78.59307562723876
7,5,2,79,94.9299516794141
5,8,4,98,82.165957877708
5,5,6,61,52.55925809477094
5,8,1,75,84.85916453853332
10,6,10,93,95.11951940015008
10,5,4,82,96.82687851310573
3,8,6,62,47.98313125554442
1,4,9,63,34.74244663818895
5,6,2,73,73.28473300121001
9,6,7,83,96.6022476108745
1,4,6,93,48.275911892355765
3,8,2,75,77.41247169570289
4,7,8,70,66.48041724539718
1,4,7,77,39.1652886212309
1,8,5,97,71.90225097052823
8,4,5,85,77.85727660941801
2,4,7,89,53.818447435347466
8,5,9,51,68.6111385417742
7,8,9,91,89.09246422982062
10,7,9,58,94.0311196142662
10,5,6,72,91.87178996145578
2,4,10,64,32.1736437369625
6,9,6,62,90.20443196500749
6,4,3,72,80.16850508673775
3,4,1,66,49.98546219100802
2,8,7,97,64.57918197535842
1,8,4,51,41.30920946479338
6,5,1,69,80.72814802254528
5,7,8,69,67.35579018408394
9,5,6,95,98.3172596619775
1,6,6,52,28.850452702505244
7,4,2,61,70.30954226697476
5,9,1,89,93.75357372638177
5,4,2,51,49.39039725339639
2,4,4,85,52.140861167210545
3,5,2,63,64.28216855082866
7,9,1,65,84.72962001015206
6,9,7,68,84.2763024685924
2,9,8,83,67.95574546267751
6,5,6,93,78.0463139009776
2,4,4,95,58.25563500316158
2,5,6,55,44.6591381107265
2,8,3,62,55.06129919552185
3,8,8,85,61.81001025026938
2,5,10,71,40.380657979976355
4,9,2,67,65.8488320210654
9,4,5,61,70.25012200799146
6,5,1,79,80.92169375499259
1,5,6,100,60.378480161062996
8,5,2,89,91.49213030960661
7,6,4,56,72.01194760989159
10,8,6,81,94.43270295931184
3,9,10,97,75.1624192613516
1,7,8,68,45.10041164780491
5,9,8,55,65.04272951319608
4,7,6,69,65.94125308992447
10,6,4,76,98.39063751747393
8,5,8,92,82.58113620713
1,6,8,86,55.648272743601545
10,6,10,97,97.28440573880387
1,4,1,56,42.17140285663288
4,8,4,54,62.95672673039748
8,7,4,60,82.8501746675563
5,5,7,64,57.12117198037344
2,7,7,52,45.23053181253954
6,9,8,54,63.320698889388154
5,7,5,72,67.68604482129845
2,9,7,86,68.79631844714318
3,8,8,58,51.27380329636102
9,9,9,64,90.85696551071548
7,7,3,52,78.04439500315932
7,7,3,78,86.23686044961885
6,9,4,55,79.37548181564337
8,6,5,66,86.98595478979468
4,8,10,75,63.73489778060627
8,4,1,70,88.32792471533398
4,5,7,57,48.641145746982986
8,7,9,70,82.96519941440252
9,5,8,60,71.09654792535179
3,4,5,87,62.19271512870258
3,5,4,57,63.347530762179666
2,4,7,91,56.1944052801283
10,9,5,73,100.0
3,6,7,84,58.883538791543
3,7,1,63,65.14329151354828
5,4,1,63,70.75622890864706
5,5,10,59,50.22888754583691
2,7,3,61,52.257360933808016
10,6,2,87,100.0
6,9,2,93,100.0
5,7,7,95,79.71197493369395
6,4,10,83,65.7748808455951
1,6,2,90,68.58744947892447
5,5,4,59,75.13679851204749
9,6,2,66,84.689832416162
10,6,6,66,92.4343106364322
2,8,8,52,44.49153854194145
1,6,10,80,33.77711884444706
10,6,4,100,100.0
9,7,5,50,83.10586613290974
10,5,4,61,91.49903146410078
9,7,3,88,95.50290527451159
9,7,5,53,81.39791536250895
6,4,9,91,64.10401527552852
8,7,8,62,86.81550471340306
1,8,8,83,60.2227517287219
10,8,8,91,100.0
4,4,8,70,43.31680549525199
1,9,7,71,54.47027533191878
8,5,8,53,70.9621100114718
1,5,8,67,28.824731972820352
3,7,8,54,42.34112664503415
4,7,10,68,49.4720764549302
8,9,7,51,82.83473082955294
6,7,1,61,77.65085455727744
10,5,4,66,88.36031738811248
7,6,4,59,75.37327340319484
8,8,5,83,91.10859593835492
2,6,10,55,28.281566316362177
10,6,6,57,91.34842581180142
8,5,4,100,100.0
3,6,2,60,59.89791229731589
7,9,6,61,81.7607775283381
3,4,8,58,46.30506988290004
7,7,8,51,66.2832677830187
2,4,7,57,34.404610470281774
10,8,6,60,92.19669563388732
6,7,2,85,96.46584318583736
3,6,7,59,48.76660834214403
3,8,5,70,60.65308732673223
9,7,6,69,89.23501024642549
7,9,10,97,93.78111568767882
5,9,8,57,67.1812674745285
10,9,8,85,100.0
7,9,3,78,90.86661160433285
9,6,7,91,98.35051783279228
1,4,1,61,45.642329696061445
7,7,1,63,81.94104416265273
6,6,7,97,86.31075856826017
10,9,10,99,100.0
9,4,9,70,66.12851325722224
1,8,7,71,45.49698809444839
4,8,10,70,58.09181533476458
9,8,5,93,100.0
4,9,8,99,76.17965023955955
10,8,2,79,100.0
3,5,9,88,49.91696384168471
9,7,6,69,93.41016458119906
2,7,9,73,58.08665556977776
4,9,2,72,87.04641262244161
6,5,3,56,71.82489775243069
2,6,8,58,45.312549785601306
8,6,1,50,70.64060237798398
8,8,10,75,82.38586616110052
1,4,7,87,44.01953688170046
3,6,7,87,66.9023318052245
10,4,1,93,93.81201062159336
9,7,9,71,84.46483851385089
5,4,8,93,66.42778108083799
6,7,4,59,78.09214966465701
4,5,10,55,50.23993526837369
10,5,5,66,83.35576991493616
2,9,2,100,78.58144782051592
8,9,9,99,99.65248310605857
6,8,6,87,94.16881345760771
5,6,3,73,73.80072338641509
9,8,7,100,98.60419292322835
1,7,9,59,34.47065776918353
5,8,3,57,72.51332082231731
6,4,2,70,74.20101214281978
5,7,7,55,55.979561822038136
6,9,7,70,74.8710465311019
6,5,4,88,76.09216002721801
7,9,9,73,86.20585591926897
4,6,8,82,58.826124103533054
8,7,1,67,90.17602898040857
7,7,1,77,90.03373541738024
9,4,5,81,79.47021376242304
7,6,6,61,67.18292347591093
3,5,3,97,78.64068799643269
3,7,9,91,57.45356079104636
8,7,10,76,74.18178849086816
5,4,6,59,47.837271131103705
4,8,4,95,83.0469421988437
8,5,7,91,95.92738360633145
6,9,8,81,80.83652889236464
2,6,9,91,55.83381062677195
4,7,6,75,62.522763820665055
4,7,6,74,65.69190977603864
6,9,8,60,77.14525153173808
6,5,5,72,71.71454693819086
1,8,3,83,75.15885041031082
8,7,3,89,100.0
6,5,6,72,68.56841827277533
3,9,2,78,76.47106062203942
9,4,6,80,93.15461568811816
2,8,6,56,50.686627879276145
8,6,8,89,93.54460780135861
10,7,7,82,100.0
3,5,8,70,47.978903160879455
5,4,9,51,46.259776829675076
6,6,6,67,74.4000209228319
10,5,3,96,100.0
6,5,10,82,69.80245366460251
4,6,3,86,68.33263086411132
3,4,1,83,62.257916359191
4,9,5,69,69.02366489529406
1,4,4,84,57.07210401734338
4,8,9,100,69.82312546436557
1,7,9,99,65.11613353589419
1,6,5,67,50.399170570393416
10,9,10,95,100.0
6,6,4,73,71.852334613775
5,6,7,57,57.861511813450655
4,4,6,79,60.99471393065658
3,7,4,93,75.77483501011346
1,8,10,59,39.978287004233586
6,5,2,72,75.61736759802444
2,5,1,98,72.6760354053183
8,6,4,60,85.16781977532594
10,7,4,51,82.66743845779555
5,9,1,75,95.23525059452702
7,4,6,85,82.40949478184224
10,7,4,82,99.17399053658333
2,7,1,96,78.9191802172766
8,4,1,62,85.50749388079022
2,6,1,89,64.32353338057158
4,7,8,74,62.209892166883
1,5,10,53,26.107423495824968
5,4,8,91,63.27209728746553
9,9,2,68,100.0
1,8,7,67,45.49856712018605
9,6,8,86,96.87153534485368
8,4,8,79,72.36677839336295
6,8,10,68,71.95989470006579
7,8,7,72,72.72306806189917
3,9,5,65,63.690950980750195
1,7,1,50,49.06155578675679
5,9,9,61,63.52854474692235
2,7,7,73,51.518408514023044
5,7,2,83,80.16242487327439
8,4,6,57,72.27270390007452
9,4,2,67,91.4972892754769
2,6,1,97,74.08919557071675
3,7,7,54,43.5168124598918
3,8,2,75,81.46974665693413
1,5,2,79,51.101012835460594
8,6,5,62,71.70288870758426
6,4,5,68,55.93689041740115
8,9,7,78,92.4972594845633
9,6,1,52,85.91291807242382
5,6,8,75,69.65478324573169
3,6,3,89,74.55542281722774
5,6,4,61,66.9510061229252
5,5,9,51,46.14316402268625
5,9,4,60,79.54988636098834
3,9,10,93,77.83694950876266
10,9,5,77,100.0
4,7,7,67,58.18234184575395
9,8,4,62,95.90782776941087
10,9,1,86,100.0
9,6,9,71,74.97466342070013
2,6,4,61,46.00480468939028
8,9,9,51,72.70910797931127
8,9,6,86,98.51979839481771
7,6,1,56,89.30290576287729
8,7,3,75,88.09155262194066
3,4,2,75,67.11744244845664
6,4,9,73,58.91370224153715
1,9,1,61,50.41807506277328
7,5,9,65,61.97136998534831
1,9,9,72,55.883484965838456
9,9,8,89,100.0
1,4,8,58,32.02225599331978
1,6,1,81,68.1425200442219
7,9,8,64,72.81831855532135
2,6,10,86,45.74124784953875
5,6,3,62,56.68135695351788
8,5,7,54,72.38541035621392
8,6,1,60,88.81242116814802
3,4,1,59,58.11983259795557
7,7,10,62,61.0849438797161
3,7,5,90,62.978755220400735
6,8,5,95,84.90190845783334
6,9,8,99,85.88713863820648
3,4,7,64,52.76979454456427
7,6,8,91,87.5006336189125
3,7,6,56,49.7088967968984
8,4,6,89,85.99625996629993
10,7,2,77,100.0
4,6,6,81,68.32139880390828
1,7,5,84,52.30952131129001
4,9,3,64,76.75125722986965
7,9,6,97,94.25148351207804
4,8,8,85,74.52957514271579
6,8,9,70,68.86288545902829
9,7,1,55,87.54962023200864
1,4,3,50,44.06498358624828
5,9,3,53,73.38473092446883
7,4,8,60,59.38909314475721
1,4,1,93,65.29089154175632
4,7,5,75,61.80004465212558
6,4,3,86,84.5343179463018
2,9,2,72,68.30277646795776
10,6,8,78,94.00393857834219
5,8,3,70,70.26063269488456
10,6,7,97,100.0
1,4,1,94,62.02290069672742
6,6,6,94,88.15149606809264
6,9,3,98,100.0
4,9,8,76,67.03761481191292
8,4,6,88,85.5897387866169
4,7,2,89,87.7828455086349
8,6,6,62,76.0000575828872
8,7,7,72,81.45567519782347
5,7,5,65,59.05147678623544
4,5,3,79,67.10463832328595
2,4,4,53,31.80186480657739
3,8,4,89,74.92832660483397
3,9,6,65,67.44067571621373
4,9,10,80,56.40180262476592
4,4,1,91,81.67104412310395
10,8,4,74,100.0
5,9,10,93,78.36417566436697
4,4,4,61,51.987901099307294
10,9,10,75,85.9338155872567
8,7,1,86,98.08505412851879
6,6,9,97,88.98705034224743
6,6,4,82,75.51977251873274
8,9,7,77,83.55728819137225
7,5,3,58,73.70645513703552
10,8,10,61,84.07111742413842
10,8,3,54,93.38335104602176
8,8,8,77,86.57223971676127
2,7,8,84,60.22101305348078
9,8,1,54,91.06418200107343
1,6,10,83,45.47205104141308
8,7,2,95,100.0
4,4,8,83,52.52355666622603
4,8,1,62,61.38909328030685
5,8,8,88,80.35404246047958
8,4,8,91,94.01481287801487
5,8,2,94,91.96322673175592
8,4,4,97,93.50966100532978
10,7,6,63,89.02095783453005
1,6,9,60,42.94030420755129
10,4,8,91,91.11121533527567
9,5,8,87,86.56717919992532
6,4,7,53,59.054319071346015
3,8,9,82,59.57863518901589
8,7,2,56,78.57653149462072
9,9,3,90,100.0
6,7,10,57,56.54226396163927
7,9,8,86,84.12269986161994
1,4,6,100,65.50024079286594
5,6,10,59,51.60701598388644
5,5,9,92,70.47113041148667
10,7,10,64,83.14764120503888
4,8,4,87,75.06840254814836
6,9,8,64,76.44716810010961
7,8,10,54,67.57289491893363
9,6,3,78,92.70310084180034
1,9,3,68,62.16595168928169
6,7,8,100,82.42844952934999
7,4,5,59,60.97752319945735
3,8,3,61,57.471663728239385
8,6,10,53,65.8502931048149
5,7,1,80,82.08634535035777
9,7,3,67,100.0
5,7,9,65,60.285209433310214
9,7,5,89,96.57398353273209
10,9,10,85,100.0
4,7,2,74,67.52866339212697
9,8,7,72,90.57934379737648
5,6,2,61,71.09583388239137
10,9,4,83,100.0
9,7,7,85,100.0
3,5,4,86,77.98758562922225
4,5,7,52,50.35698685670643
9,6,7,58,83.8939816389276
10,4,1,67,100.0
6,4,6,92,70.96887076091762
2,9,9,84,61.65313704387504
7,9,2,83,97.11001733956671
2,9,3,90,80.21328855130537
2,4,10,63,34.8580945973831
1,5,5,53,32.40783840048033
3,4,9,78,48.05473908173522
6,8,4,90,96.23461369827943
8,7,1,94,99.48137684487467
9,9,4,99,100.0
7,5,6,64,65.26362457479095
4,6,5,77,68.13198277743454
6,6,1,91,97.7025803980748
5,7,4,65,60.45132767346995
8,5,6,61,73.97199281739292
1,4,10,54,19.378896413624076
1,4,10,83,43.52701387414992
6,8,4,91,90.31515862214373
10,8,9,50,81.65336969538698
2,4,5,88,55.9933150239897
5,6,8,81,73.12109401594923
1,9,9,75,61.743157653988916
7,6,10,66,60.32667335059279
1,8,5,97,62.73721941002674
4,7,6,76,68.60748951277354
9,4,1,73,87.41798825849041
1,8,7,84,61.66791885200137
4,8,4,95,88.97058729542168
6,9,2,91,95.76711843876771
6,4,5,88,72.18231366679262
8,9,3,75,97.1261048917364
1,4,6,98,54.520091069815095
7,9,8,87,91.07418594947596
1,6,7,72,33.73591470475415
7,7,3,71,80.6627224057494
3,7,8,53,44.47950325564708
8,4,2,98,93.01505334126557
3,5,10,58,24.676450538235233
1,8,9,53,28.058137673226533
8,8,4,56,77.47320737207816
3,4,1,72,60.423578995733905
2,9,8,51,44.31898903259345
1,5,7,98,51.84215458735713
3,6,5,73,63.482574803964205
2,9,10,89,65.4806683246188
2,9,5,80,67.74959326740937
6,4,7,96,76.6006014135933
1,4,5,80,42.716697245332945
2,8,8,96,62.31503834671736
6,4,6,89,65.96175308437391
3,4,5,97,64.24624284110834
4,4,9,100,67.92870644855599
1,8,2,92,77.7716494838728
8,6,1,83,96.27610071047269
7,6,8,73,75.95834416004845
7,4,3,98,75.72005378569402
3,8,7,75,60.33535839800788
10,6,10,65,78.21818809933369
10,9,8,96,100.0
3,6,6,62,53.96466730460709
2,6,10,64,42.47127711440304
1,8,9,76,51.21164155499496
7,9,7,53,74.72721366166111
7,8,10,65,79.16182665424564
2,4,5,79,39.97360226017464
7,7,8,93,87.2310520435771
8,6,2,79,99.14901425819782
1,7,7,85,45.04303273403676
9,8,4,52,91.18958926886151
7,8,9,71,72.69418379367342
3,8,1,98,86.54907964421021
8,7,7,71,78.59820309527286
7,8,6,99,100.0
8,4,8,99,84.05819059388217
6,8,5,98,97.22898428178605
9,5,1,61,90.67664918132171
5,7,1,70,75.03103757970581
3,5,9,53,41.00929595197763
3,8,10,80,55.68215470993634
1,4,6,93,51.820640469199866
8,6,10,80,76.467028192551
2,9,5,72,67.49955933194387
3,9,1,69,77.20161135368708
8,8,6,64,83.84639225697629
8,4,6,72,72.5714411142217
4,7,3,77,67.1550425508464
4,5,8,65,52.178282096453486
5,5,1,86,77.8385455342412
6,5,1,70,68.61001921213088
5,7,6,64,59.34985729501875
7,9,10,66,83.12937652770859
2,4,1,99,66.20011807505277
7,7,6,86,92.41081388755201
10,5,1,62,92.2167513640086
7,8,6,68,87.19788817580407
1,6,3,79,62.33582008737189
7,7,8,94,82.87152286549671
5,7,6,67,57.56012166596197
3,4,1,63,46.9833976148484
3,4,5,85,55.45669248022146
4,7,8,85,76.9481721277877
2,5,3,69,51.4471896253873
2,6,6,68,50.72621975036727
1,4,5,94,60.51668433101695
5,5,6,93,75.05160681555844
4,8,10,56,52.37945519260387
10,4,1,93,100.0
2,5,7,53,38.944848777549936
3,5,9,83,53.00266447498257
7,6,2,51,70.89275328401278
7,6,10,54,60.39244445432728
4,8,5,59,68.9719989854157
5,5,10,81,69.4100229349936
5,9,4,91,90.96138320784455
6,5,6,90,81.77580567547986
9,6,6,62,83.34865353581407
2,9,2,88,76.56335317798198
5,4,2,54,62.57128539306342
3,4,4,59,54.44666417156242
4,7,1,59,64.06819081990427
10,6,9,87,86.24301648843546
6,7,7,76,72.33495875181767
8,9,7,100,100.0
1,6,3,70,56.34935808810616
10,8,3,57,91.55246087572256
8,5,1,50,65.55711738687594
7,8,3,77,88.95275671664491
1,9,3,98,74.03042887170882
2,6,4,88,58.18863258294281
3,9,4,63,61.71954535591344
1,5,3,70,53.33641705043499
9,4,10,79,76.8906003479805
8,4,8,70,72.7281105930466
2,9,8,98,68.22158884194727
9,7,1,58,89.22944794520836
7,6,7,66,70.18550885287928
9,6,2,54,88.49440097089845
6,4,1,80,72.54339894329392
6,8,3,89,100.0
4,5,4,87,73.37429247841202
10,8,6,92,100.0
10,8,10,68,92.0670355894325
2,9,5,85,75.61174533536554
7,4,4,99,86.84830975198781
5,4,8,82,60.917076051174696
6,4,4,62,72.46737106736502
2,9,10,63,59.09487573459049
5,7,2,82,83.14717828784053
10,8,3,78,100.0
4,9,6,92,78.64698922537721
9,6,8,98,100.0
6,5,8,85,66.34892351993102
2,7,9,93,58.458584001204905
1,6,7,59,39.96292440715815
5,8,2,80,80.38642656796166
9,4,8,55,73.98217280938039
6,8,7,50,68.46983757602187
10,9,8,56,99.04772954762646
7,5,3,76,85.90730447928885
5,9,7,70,68.1955518221698
10,7,10,77,92.15184530454596
6,7,9,65,70.44010836757928
5,5,3,95,86.69739407062673
9,6,10,72,75.11578926054632
6,6,6,69,66.01831148822262
8,7,2,87,94.80181440445494
2,7,2,74,72.02365997069433
9,4,5,77,88.61439411921019
5,6,5,54,55.89390687895644
7,5,7,70,71.6359446937856
10,6,2,67,96.88156343299488
1,4,7,96,46.137092655171585
10,9,5,55,94.68091971978302
5,7,6,78,73.9534764386022
10,7,8,68,98.6562654732595
2,4,10,82,39.72156237116864
6,5,4,50,53.45300337902331
1,7,7,94,53.755231323220116
3,8,6,52,48.536762882838886
5,7,10,91,69.36536411983552
4,8,2,70,69.76748135436429
3,4,8,84,57.1106100290947
10,4,10,90,81.4198361849526
5,7,9,89,72.60008984149616
8,6,5,52,84.00096091761087
4,8,10,74,63.76784135881812
1,5,4,94,61.253785058561796
7,7,6,87,96.7865810037258
8,5,8,94,92.22824782118487
3,7,3,69,67.32562183676302
6,6,10,93,72.94636575027765
2,6,1,94,72.88655562605103
7,6,4,83,86.14348066166897
8,9,4,70,91.99287226213946
6,6,1,97,95.56018255941463
6,4,9,72,61.75373848523828
5,4,3,55,52.27685766420887
8,9,5,100,100.0
1,8,6,62,50.04898756536641
10,5,8,98,96.68608519024691
4,7,6,72,66.10587989364728
4,7,3,58,68.651844455793
3,9,6,66,55.66656793707054
3,4,1,51,49.97469636759877
4,7,4,68,61.07072112568834
1,4,6,68,52.2850191048781
2,8,7,56,48.69093023884307
9,5,10,91,79.61127176200247
10,8,3,91,100.0
2,9,9,69,50.81990710609806
5,6,7,58,56.95460040961896
9,6,1,66,93.31600880007319
9,6,2,76,92.76023471715482
8,8,1,96,100.0
1,7,9,51,22.44629916819987
1,5,9,85,49.92949191438646
9,6,7,68,77.3609756463139
8,9,10,66,77.92339238844843
10,9,3,54,100.0
9,6,5,88,95.97769490846942
7,6,4,67,77.68226126451187
3,5,7,56,38.93961278635115
3,6,9,66,58.47824108735225
2,5,2,88,67.65741191103295
5,9,8,85,73.08607525865416
3,6,9,89,60.39091223028926
6,8,10,94,75.23266002674345
2,8,10,53,49.112071469947246
3,9,9,87,68.49818980354273
5,5,10,74,52.12226736046467
1,8,7,54,45.48795367811958
1,5,9,79,40.10962163975843
10,8,9,61,80.05885672238759
9,8,3,53,91.40523166950105
7,5,4,73,80.26420917068947
1,7,2,78,66.68866816283699
8,8,10,58,73.32251778458898
3,6,3,53,54.03530143479276
8,9,5,100,100.0
5,7,5,73,80.47641497253514
1,5,6,63,37.94963238362965
7,7,7,54,71.34727484402866
5,4,7,67,59.58372726007806
6,4,1,91,87.24888259615379
6,8,2,68,82.26047696970215
8,8,9,61,77.10302003653752
9,6,10,67,76.03171119283574
2,9,2,66,75.79605180055901
9,7,6,79,91.21118107284347
10,4,1,73,91.93710736873886
9,8,3,60,92.96899154283462
10,9,2,84,100.0
10,7,3,72,100.0
7,8,5,66,79.71276698899334
1,8,10,50,34.55186739966438
7,4,6,64,67.64803519485606
10,4,9,81,89.02994844680002
5,8,10,58,58.46503191854576
6,5,4,64,69.51237515315795
10,8,7,77,100.0
7,9,6,73,90.83827531590758
5,8,2,84,82.08162106186711
7,6,10,71,62.238397200665894
9,6,8,76,93.47739814691906
3,6,7,68,56.52037718964079
8,5,7,94,86.90306681835298
2,5,8,61,39.59850968316565
7,8,1,69,89.53719153335086
2,6,1,50,52.05640362220776
4,5,8,70,49.14081405297656
7,4,4,98,92.20083492544963
3,8,5,94,76.87726699314251
2,9,8,50,47.058135480166754
10,7,5,59,86.03028808660738
7,8,10,96,89.62133548386318
1,7,4,81,54.145141784269796
8,6,6,88,86.53924570045606
3,7,5,71,61.93810961720876
2,6,7,67,60.03665949807826
3,4,10,97,56.35733066677405
5,7,7,95,66.65599560166216
8,8,4,81,93.28749308319625
10,6,5,76,99.41864556110286
7,8,3,77,85.85769527507938
7,5,4,67,79.6555122057283
7,6,4,88,89.79410287382515
8,7,3,98,100.0
1,6,10,78,39.205729453745015
4,8,5,67,64.31608042533642
6,4,5,93,81.32492579142256
9,6,7,57,77.4623581251392
2,7,4,80,62.65988594106863
1,5,4,83,61.34484934474531
10,9,9,56,90.02070463530893
2,4,6,85,42.550385166521366
7,5,4,67,79.49534061258194
3,6,2,87,75.99484400207561
10,8,6,58,96.92455643611716
2,8,2,58,54.30150790213246
7,7,5,95,95.12402912605062
2,8,6,57,51.058150106215905
3,4,4,100,64.21184076260123
7,8,3,84,99.73383283953291
4,7,7,67,59.29227000345309
1,9,2,54,60.76366195626167
5,6,6,63,58.78570607466262
9,6,4,77,86.19707264600302
8,8,6,79,90.28716908984428
9,5,4,53,79.65956591281224
10,6,4,88,100.0
9,9,4,69,83.17771565620886
7,8,9,74,79.91824572459385
4,7,7,77,67.39490345261012
5,9,3,61,79.93583639270483
1,8,3,51,46.59753782224611
1,9,6,92,63.82474133809046
3,6,6,63,59.701608864007454
8,7,4,71,80.62297657089142
2,8,9,80,54.7644110316618
4,4,4,72,60.711509230659026
2,7,9,97,64.53010915007121
5,4,4,69,64.3488359120216
9,9,2,87,100.0
1,5,2,53,48.338069740104274
5,7,5,64,68.00953706138453
9,9,4,73,92.15998646754318
1,4,7,74,41.04588325386697
9,6,5,50,80.37638435610732
8,6,6,56,83.80371976699057
4,5,10,80,57.04375674435146
10,7,4,61,86.0898721399244
5,7,2,91,80.26549354595822
5,7,10,54,59.293547290991334
6,9,9,93,81.4859849332543
7,5,10,99,71.7520946792742
8,7,7,91,97.50255433879217
8,9,4,87,100.0
2,6,3,61,57.23506982079804
9,4,10,88,76.42640247335294
7,9,3,67,96.86906166832941
4,6,9,51,49.860318534666376
4,6,5,59,53.886573166993266
8,4,3,64,69.6980476655268
4,6,5,79,79.02581929377071
6,5,2,93,86.44896149003426
5,4,4,66,58.18634176462142
3,6,10,53,46.4315413441475
10,8,2,56,100.0
2,9,2,90,83.9139827165629
9,6,8,80,86.50745861241134
10,5,1,100,100.0
9,7,7,88,89.44690909724319
1,6,5,83,51.739752392212395
10,7,8,55,84.44939377857442
3,8,1,99,92.34055672118556
8,6,7,87,90.80579510262415
6,4,5,94,78.58567132076604
5,7,4,100,85.6242606638026
5,8,7,83,82.36755429179678
6,4,10,93,72.32198006638515
7,4,2,64,70.62738103654468
1,4,1,63,41.97865300968486
9,4,1,55,79.77255922780242
3,6,1,99,77.13119067190313
4,9,5,86,85.14920456273234
10,6,10,99,99.67866161109009
1,6,7,81,52.28893620201549
10,8,2,52,96.95834818398389
3,8,10,52,46.19385357668677
2,9,8,71,48.59091292329845
2,8,4,71,65.47091828842385
1,5,3,59,40.682592597042785
8,9,10,100,96.83422333475004
3,8,8,52,46.634135389323326
3,9,2,61,69.22935782575838
6,6,3,78,83.86546963621998
8,6,3,97,95.45572483738336
9,9,10,66,86.26374612122001
9,5,1,56,83.75498710623071
4,5,6,62,60.607293879380016
5,9,2,51,67.92687298510187
2,8,1,53,53.48741865217973
9,7,2,59,89.70214890981595
8,5,6,88,82.3717814249308
3,4,4,73,54.37809493506544
9,6,6,66,81.36057246942143
3,9,9,55,51.942061888509066
9,4,10,68,76.04036013912076
2,9,10,54,44.356398028421374
10,6,8,81,93.31177280408238
9,6,1,59,85.21338698593951
8,5,8,58,67.32970223092435
9,5,9,76,77.89122764195301
5,4,6,62,59.40820481820243
2,9,10,68,47.177165083986516
8,6,5,70,78.69672203744383
6,4,6,73,68.08714598573674
8,7,6,87,100.0
5,4,9,53,44.62025688012668
10,8,4,73,100.0
2,4,2,84,64.74010924177392
6,8,9,52,64.54951949307636
5,8,2,53,74.08239740191098
5,8,10,86,71.52403774040998
1,7,9,89,52.12132408610869
2,4,2,97,62.72425731136735
8,4,8,84,80.43186627150692
3,7,9,80,60.31777214999321
10,6,10,93,98.08582263846901
3,5,9,74,46.55947764723327
8,4,10,89,80.65067199689302
8,5,9,62,73.66667394073968
2,9,2,53,53.430209408618694
8,9,4,95,100.0
1,7,7,63,49.37511790980419
6,9,2,62,80.75222150073557
8,9,1,76,100.0
3,6,3,55,54.542880010012155
8,6,4,66,84.65439660711755
1,6,8,85,49.695281513461055
9,9,6,89,100.0
9,7,2,98,100.0
5,8,9,84,68.43338377938856
10,8,2,66,100.0
4,5,5,90,80.5018163999266
6,8,4,51,71.47290280686819
7,8,7,62,84.57633021075856
5,6,8,51,48.64112676493239
10,6,5,77,93.84207058257022
9,9,10,92,100.0
3,5,5,75,61.520532643116795
7,4,2,71,86.53213548966129
10,5,8,96,99.34277884529503
10,5,2,92,100.0
5,7,10,52,53.117886787513385
7,9,6,84,98.01001269234006
2,7,8,61,44.83632398676914
4,5,6,73,58.06783240747141
2,5,4,54,46.41926701482061
7,5,4,69,73.70246867227402
2,8,6,88,67.4775024155675
1,7,4,88,62.31750732335728
9,5,8,62,72.5479276962579
1,6,9,90,54.90368615933707
8,9,1,94,100.0
2,9,4,61,57.731647078566866
8,6,4,62,80.92519367529964
3,9,2,59,66.14362200076081
6,8,6,82,79.80676180378524
3,8,3,89,69.00865163796482
7,4,7,65,63.080861278219636
10,4,5,94,95.87986250842188
9,4,4,84,91.5744535391768
2,9,5,52,55.203494007641225
5,8,8,54,55.989076650985574
6,8,3,75,87.36748680863502
4,8,7,60,55.218771085666624
4,6,6,56,53.373537421807725
4,8,1,59,68.48790449669583
2,6,7,91,63.23086819039522
4,4,7,83,60.083865499972994
1,4,1,52,40.449160370841106
6,9,9,57,64.37375119942557
1,4,6,80,43.355793458117304
10,9,2,60,100.0
6,5,5,94,79.49457939638727
1,5,4,56,42.39703458798242
6,7,7,94,83.43676841556156
10,9,8,51,88.75412657287019
8,7,1,55,90.6848793634662
2,7,5,90,64.23010753339462
2,5,3,81,63.04886713222562
4,9,1,69,93.2831973850292
3,5,3,83,68.33769997095852
4,7,6,99,86.56790732299898
7,9,7,65,82.90523000053307
1,7,8,74,42.340191889012466
6,8,4,61,77.87846998626492
3,9,3,56,62.348081018950346
10,9,5,88,100.0
7,7,9,66,70.63707394798857
10,8,6,94,100.0
2,6,9,60,34.7003754710357
2,5,6,55,54.04230792359896
4,7,2,72,77.03935457236098
1,9,5,76,61.221951229210575
3,5,9,95,59.949400556254865
9,5,8,55,77.51174309810948
7,5,7,87,89.87785181154747
7,6,1,51,79.92542686006287
4,4,4,71,60.1059635239216
2,7,7,69,58.86322035988808
4,4,7,74,55.7117962146793
6,4,6,64,64.1765740481255
3,4,8,98,65.00505460015918
1,5,6,78,45.0676043106287
8,8,10,57,62.12082801297051
5,5,3,86,74.8245988733499
5,5,4,98,84.86500464689694
4,9,3,82,85.51275448859089
6,9,1,71,97.21335054706302
3,4,10,99,54.51584483065244
9,5,5,96,100.0
5,4,1,54,62.9253391522598
3,9,1,88,87.0220658128184
1,8,2,67,63.018063791471526
10,7,4,87,99.59167186553151
6,4,6,86,67.97551403686538
2,8,8,79,52.30954741466377
3,7,3,100,85.3610859242441
1,6,1,80,59.47271694130386
9,4,3,59,90.63790986662359
8,4,3,64,78.0168798744613
2,6,5,91,56.143130759592495
8,6,4,97,95.13791244647408
9,4,4,93,96.08688181609664
1,6,9,67,41.075949320967396
5,5,7,72,57.07581135958813
8,7,4,82,96.84240385903135
2,7,3,65,61.677713785229784
4,7,6,87,69.29526200222335
7,5,3,84,95.84578606029574
3,6,6,83,59.836704883247215
5,8,9,77,64.50060962892229
8,6,6,51,63.853887426367294
10,4,4,79,99.60320349346081
3,9,5,62,63.114414386729514
4,7,6,90,71.60357005267805
9,6,3,65,82.12930782284086
7,8,8,54,68.05374538216518
1,4,4,77,59.40722693838056
4,5,8,88,52.27756248119441
4,5,10,94,58.84170799483725
9,8,10,69,92.46391985021106
6,4,3,73,78.74486523534762
9,7,10,76,81.1468716585936
6,6,7,79,74.51797548467653
6,4,9,94,73.31468702347205
5,5,4,76,70.66919290903634
5,8,8,75,79.42225104804588
2,8,3,56,57.698771027289766
8,6,7,91,95.17758145481518
8,8,3,96,100.0
1,8,7,87,48.338055936367674
8,4,10,54,53.03793623321758
5,7,10,72,57.075610753469874
2,6,6,77,53.25357071361997
2,4,2,83,69.89207119507195
6,7,3,64,78.81205731437726
9,4,6,81,84.97105948967618
1,9,4,75,67.69278998077824
6,4,6,97,71.24058162249126
9,8,1,80,100.0
8,7,10,68,71.8133567302998
6,6,1,58,76.99020779734069
3,6,3,78,70.47918146176984
8,7,8,100,97.35742776013615
9,8,8,88,99.43658241609455
1,5,4,53,36.69445440391027
9,4,6,52,72.6037992905807
6,8,8,78,72.80081064609806
6,9,7,60,76.370694675039
4,7,7,82,65.4969849766834
1,4,4,87,46.892452198498134
10,6,9,60,80.18909717916043
8,5,10,76,63.434419178276556
2,9,6,82,73.37185035998003
1,6,3,70,55.98549498455849
2,7,5,88,66.68484925123902
1,4,5,80,38.88157627302625
1,7,5,87,55.99904908463293
9,4,8,95,88.70279217435926
1,8,9,51,35.18447614487396
4,5,9,76,46.55717517276264
10,8,6,85,97.91785497231929
6,8,6,60,70.58452801543211
7,7,9,96,79.58355300708084
2,5,4,67,57.35693661941631
6,4,6,50,57.472691797029164
7,4,4,84,76.98267945380485
10,9,1,84,100.0
10,6,7,80,98.83853294336845
2,9,10,77,56.9447917819346
2,9,6,88,68.80206883268023
10,4,9,50,67.5076309588508
7,7,7,74,76.30030646109172
1,8,7,92,54.316040403960734
8,8,2,87,100.0
3,8,9,69,52.89743390614392
6,5,10,52,51.141003048561664
9,4,9,100,84.4487607184969
6,7,6,51,63.20274741695335
9,5,3,67,100.0
7,6,1,93,93.87001048127387
9,7,4,59,94.74297887270775
2,9,3,54,57.8609724142305
8,7,1,58,91.39969231747322
8,7,3,51,86.72290127698126
2,8,4,83,68.86133692202999
4,7,8,87,66.74146421809856
7,9,9,80,83.0695451085878
4,9,3,59,69.7378575917683
4,4,6,99,78.82185278457706
6,7,10,61,54.07937111419805
10,8,5,85,97.64636521103604
6,7,6,70,65.47973541401116
10,6,4,98,100.0
3,6,10,96,64.50041538599181
9,8,6,55,88.307096462021
10,4,7,97,93.46248679296646
2,4,9,98,52.8575423617008
6,9,10,52,57.41850682456082
7,9,7,59,72.38223856296815
9,5,6,54,77.89933419505772
3,8,1,95,89.73842030554198
10,7,2,75,100.0
3,8,1,70,80.17507560415402
7,5,9,94,83.82802674393055
4,9,10,75,72.45862926127775
8,8,10,87,85.99530965452541
7,8,9,93,95.10343122816323
5,9,7,75,86.39771319987888
7,5,2,57,72.43741233321991
3,9,6,54,56.22915480815957
2,4,4,64,41.26140748796801
6,7,1,65,75.77892451919587
2,9,1,50,54.33724329366853
3,5,5,65,48.442669341063535
6,6,2,86,88.37368989492785
5,4,4,52,51.15400230289324
8,6,1,96,100.0
9,9,4,80,100.0
3,4,6,62,43.64937803062811
10,7,10,65,83.18681447715348
3,9,4,92,77.36043803656844
3,7,1,70,67.44630113361774
6,8,7,51,61.455685127678926
1,6,2,76,57.42052344891408
7,4,9,87,69.49727067270084
1,7,3,75,51.669670620311024
5,5,8,87,70.46714444424269
10,7,8,95,100.0
8,5,3,74,91.55849267822053
4,9,4,60,63.878013126979106
5,4,2,57,59.095363466445065
4,7,4,57,62.65247702544861
4,7,9,82,61.4898006159387
8,4,2,56,78.8545599190391
2,7,3,87,70.98966443741968
1,5,4,70,49.39647678095533
3,7,5,57,61.798336166521324
9,6,1,100,100.0
4,9,7,70,68.76945555740713
10,8,10,69,87.53232256701732
5,5,7,57,53.88067945911592
2,6,9,95,52.17894923079963
4,9,4,80,70.17144906524989
2,4,6,99,61.81878063865532
2,5,2,78,66.11816468781532
4,8,4,97,82.84942538348632
6,9,2,58,89.93547079516298
7,8,10,64,70.11743783459265
10,4,5,79,81.73114009443495
3,4,7,75,55.091246268648014
3,5,1,59,55.10355881380927
10,7,10,78,95.04389338760006
6,4,10,65,48.1123625803418
3,9,7,85,72.56022081073824
2,7,10,69,41.49769458227844
8,6,6,94,94.00702433281178
5,8,6,86,83.83303347287678
1,7,8,71,48.172005006469426
3,8,8,56,51.34683916515046
10,7,6,72,88.10770446893889
8,6,3,90,100.0
4,4,5,89,71.657152189978
7,6,2,78,82.78501487921729
10,4,5,65,80.01985392847
2,4,9,87,52.86778679016456
7,8,10,77,76.45779218715367
5,9,1,97,94.14943331297209
5,6,10,87,67.86277206759637
6,7,5,80,77.8073780602279
9,6,6,63,83.3052106570299
6,8,7,82,78.93396664576827
8,4,9,58,61.362445899597276
7,8,6,76,90.55198691928726
9,5,5,73,74.15737659937497
4,5,7,62,54.77375377217622
2,7,1,75,71.22725389133247
7,8,5,78,84.89002929411173
6,7,2,100,100.0
1,7,4,98,62.20488016579588
9,5,7,92,88.70008227168186
9,7,5,77,90.62416478204483
2,5,6,77,56.256460818012926
3,4,2,57,42.77526156666083
5,8,3,72,87.20073613012788
5,7,7,78,69.47530716943055
1,5,2,54,46.074560770786775
8,6,6,91,94.14353960681865
8,7,5,56,79.7561589410326
4,9,10,91,69.4965696926122
7,4,1,85,93.71186281463928
10,4,10,90,84.42574367139449
3,6,4,76,59.34375671139548
6,5,2,95,92.88855141761766
10,7,4,51,89.22874809768435
10,5,1,74,100.0
9,4,2,58,81.6866645427225
1,5,8,76,38.74562313652127
5,4,6,50,51.3737173651195
4,5,2,72,64.76191421956298
8,6,6,59,72.39038744347147
1,8,10,91,58.65944096827937
9,6,9,74,91.15777533637514
6,6,7,52,58.76769104040755
4,8,9,55,48.626294068570346
9,8,5,55,85.73271825050091
5,7,7,51,60.074006149479615
5,7,7,67,66.78739764238735
5,6,3,72,78.97115847235855
1,6,7,51,37.825449191378496
1,4,1,61,39.982952659450454
8,4,9,71,67.03340824679613
8,7,10,86,77.09582940012338
6,9,6,69,85.22339672815095
4,9,5,88,71.04056367364299
2,7,7,73,47.08333834688844
2,4,5,97,57.940987669974135
9,4,10,69,74.31958701552408
5,9,5,50,64.39173293147175
4,5,10,50,38.17385293142754
10,5,7,66,82.2723606336365
1,4,10,50,22.86391311179123
7,5,7,94,76.89744232365
3,8,3,79,67.76411475975976
6,7,3,90,98.40461849397946
5,7,10,96,76.01199548598505
5,4,3,52,60.80391085926423
5,6,6,95,78.79014265727608
1,9,6,60,49.2985987587863
1,4,3,73,49.7856547304764
3,5,3,71,63.13806841838066
10,9,8,93,100.0
4,6,8,94,68.3672022009033
5,5,7,75,68.2768827813916
2,8,10,62,32.668916055851895
8,5,4,50,76.4614350486256
2,8,4,73,60.36547021628099
9,9,3,59,98.26691223150848
2,8,5,84,62.75336137152068
9,9,3,73,95.86652734961112
7,9,8,77,86.19852015658334
8,9,7,85,87.992347383394
2,9,3,65,61.50161285888647
7,9,9,89,84.43785154447923
6,5,5,65,66.62483730853262
4,9,9,66,65.98604559798636
7,5,7,100,83.55077357272755
4,9,7,64,66.57288773706306
2,8,6,65,58.196730191135444
10,9,2,64,100.0
7,6,9,83,73.53623235640448
8,9,6,60,91.84664451100106
2,9,8,50,45.60305680111046
5,8,1,64,81.54569396565937
1,7,5,75,56.00780546179612
7,8,1,100,100.0
8,6,10,53,60.69562061914002
6,7,8,92,82.8767368177001
5,4,8,54,37.66342556638178
6,4,1,84,80.94351191480787
2,6,9,62,36.673580638036086
1,8,2,59,60.05253070988327
7,5,9,60,63.73057726577475
7,6,1,67,90.45623148695339
10,7,10,83,92.30437683223323
10,7,9,88,96.43055403616489
2,9,4,90,72.47535240460218
2,4,9,91,46.98465300222454
1,7,7,99,74.92328169527993
10,6,6,72,96.03584757896611
8,7,5,56,73.66905727031609
8,6,9,88,97.19654434581089
1,5,2,52,39.97510032498864
8,9,2,61,95.10576000088427
9,4,9,56,71.69798685935933
4,7,3,98,76.31023036463749
1,6,8,75,40.363365991754506
1,8,9,82,60.240824122853454
3,4,8,86,52.87585668331802
5,5,4,97,85.49335058380436
5,6,1,64,70.73265779676828
9,9,4,51,89.0247019725658
10,9,9,90,100.0
2,5,2,56,51.18756121149011
2,5,3,81,57.77576116534501
6,9,10,53,60.08318269598576
9,7,8,69,81.54062303793398
1,7,6,99,69.70780015368545
9,6,8,85,93.3274915431946
9,8,7,81,89.75661683963204
9,6,5,77,91.93589278435351
5,8,9,62,61.66591764096997
9,5,4,50,78.58046384784147
4,4,6,84,58.98214440429315
2,6,2,97,77.98902805824711
6,6,2,79,83.49330361356988
4,8,2,85,84.36718258792705
6,5,10,74,58.07654887942842
3,5,7,65,44.828434311647186
6,8,2,68,97.2875555463345
2,5,2,50,55.00039976213341
2,9,9,54,45.65159418558544
9,7,7,100,100.0
7,9,3,71,97.56368757131214
3,4,3,73,54.373944854754306
1,6,7,92,51.375333992989326
8,4,5,94,92.34338312675659
6,6,10,86,72.30030319056411
7,7,6,85,84.4899769183064
9,5,8,85,90.1061327187437
5,9,9,53,53.28758537203527
1,8,1,85,70.07500763926228
10,9,3,67,98.30538173218622
7,7,7,99,85.47004328237469
5,4,6,65,53.96617605173797
3,8,7,90,71.81643638171994
9,5,8,67,74.12381495557685
1,7,6,71,43.40945696024809
1,8,3,51,50.886246013384735
1,7,2,70,64.46373522220517
3,7,7,85,67.69425217101006
6,5,1,93,98.50899362296823
10,6,3,88,100.0
3,8,4,96,76.56285893745033
8,5,1,88,100.0
10,7,5,78,99.54184603222421
2,5,10,75,47.81049890599029
9,6,3,70,91.54094221368214
3,9,2,66,67.05651745395366
5,8,3,65,82.36702971175127
10,6,8,80,93.58897775361685
8,4,6,100,86.68235164345384
2,8,7,58,46.50636849963088
6,6,6,80,72.65039677780759
5,7,6,63,60.49126283645142
10,8,3,98,100.0
9,8,8,86,97.86510606865603
5,5,7,51,51.8203033509309
2,7,7,97,63.308915318089205
5,4,6,95,79.97753734398611
4,9,5,63,58.446832630601804
7,6,10,82,75.53067957577855
6,5,8,84,70.28620372591203
2,6,5,88,57.1490938510176
5,4,9,96,68.82227172893859
7,4,9,100,77.90125893819423
7,8,1,69,97.73536733106947
5,4,6,51,54.840326212057334
9,6,7,100,100.0
4,7,3,90,77.58341034743003
3,7,7,68,62.98277244873758
4,8,7,86,67.17072615992289
5,9,2,67,80.9468175036221
6,6,7,65,64.17376473682864
3,6,1,53,60.51222706454705
2,4,5,61,45.39137899121776
4,6,9,78,54.496902033860145
5,5,7,56,57.29096086992208
4,9,7,63,62.59755458578054
3,4,2,61,49.41601320024153
8,5,8,84,80.94109318928837
10,8,3,54,87.61577919318741
4,7,8,66,62.65653174994386
2,8,3,91,73.2218959477914
2,7,10,81,51.3312718910098
1,8,7,59,44.06416686456747
4,6,2,92,88.23425043345893
10,5,4,66,97.5943884441491
9,7,6,54,87.75380546699593
7,4,9,94,75.57479177870582
10,5,5,91,94.92187543755031
7,4,9,58,57.92010278558043
7,5,5,98,90.57200210363591
8,5,10,82,80.06305151946638
1,8,8,85,57.05591370550122
10,7,1,85,100.0
10,7,7,67,87.8229226482989
8,5,4,58,72.86931734375538
4,6,5,78,69.6952652520291
4,6,6,99,78.31798726619984
4,4,5,63,56.97315944040435
6,4,1,74,78.50517927336176
7,8,9,64,62.70400245115678
6,5,2,55,59.87070160862596
1,4,9,91,43.79906184330179
8,4,10,78,71.49038960233196
10,9,2,64,100.0
7,5,9,78,71.38897573997515
6,8,6,53,63.62025334570176
6,4,9,67,60.81082403888684
5,8,6,99,86.41374153567878
6,7,6,98,85.98972607232983
9,8,2,93,100.0
10,6,8,88,96.42593504055617
9,6,3,65,90.6440895548973
10,8,7,60,85.01926847946976
8,6,5,63,83.22178894103138
10,7,3,52,94.27398399325492
9,5,1,100,100.0
10,6,8,99,100.0
8,6,3,91,100.0
8,8,2,87,100.0
1,7,1,94,67.4887227552582
10,5,4,91,100.0
5,8,8,67,69.2842470096804
4,8,3,69,62.3383953783397
2,9,1,97,78.84236975605185
8,7,4,74,93.41068833169487
3,5,9,87,61.544388021080564
4,7,1,62,75.10524370134006
7,5,2,53,76.9664665612389
10,7,9,63,85.1487193133572
9,8,2,82,100.0
2,8,3,77,65.51688307713383
3,4,7,86,46.03365474690408
4,6,3,57,67.00328043105377
10,9,9,93,100.0
1,7,6,83,52.83327119988398
7,9,3,93,100.0
2,4,9,54,22.926865214452278
5,6,1,54,62.05298687987284
1,7,10,80,47.33985671912567
3,5,3,94,73.60190207533739
2,6,1,58,54.641496024129204
1,8,2,91,70.30458443532046
7,4,8,81,77.84188976947223
5,6,7,82,73.18159222530325
1,6,2,52,47.50584967263773
6,8,2,79,93.37823246396871
5,7,9,99,75.99704862655692
3,5,6,61,59.3658283207151
7,8,5,78,76.46234240833758
10,5,10,52,78.2896051205939
9,7,6,75,96.01053759371554
9,6,9,79,85.74144125775427
9,5,7,58,75.40014478801056
2,4,10,75,38.72223351431447
3,4,10,51,38.017217939817044
7,8,9,52,66.80067763000058
5,7,4,95,81.86057630238456
2,8,2,53,61.00991442660841
3,8,8,74,67.9238311702993
